id,vendor_id,api_id,slug,display_name,display_order,description,capabilities,context_length,price_prompt_micro,price_completion_micro,price_tier,fallback_model_id,is_active,last_synced_at,created_at,updated_at,parameter_count_b,personality_traits,professional_traits,best_for
1,6,bytedance-seed/seed-1.6-flash,seed-1.6-flash,Seed 1.6 Flash,0,"Seed 1.6 Flash is an ultra-fast multimodal deep thinking model by ByteDance Seed, supporting both text and visual understanding.","[""tools"",""tool_choice"",""reasoning""]",262144,75000,300000,1,,true,2026-01-07 07:07:05.199715+00,2026-01-07 07:07:05.199715+00,2026-01-07 08:00:30.34244+00,,,,
2,6,bytedance-seed/seed-1.6,seed-1.6,Seed 1.6,10,Seed 1.6 is a general-purpose model released by the ByteDance Seed team.,"[""tools"",""tool_choice"",""reasoning""]",262144,250000,2000000,2,,true,2026-01-07 07:07:05.199715+00,2026-01-07 07:07:05.199715+00,2026-01-07 08:00:26.694495+00,,,,
3,17,minimax/minimax-m2.1,minimax-m2.1,MiniMax M2.1,0,"MiniMax-M2.1 is a lightweight, state-of-the-art large language model optimized for coding, agentic workflows, and modern application development.","[""tools"",""tool_choice"",""reasoning""]",196608,120000,480000,1,,true,2026-01-07 07:07:05.199715+00,2026-01-07 07:07:05.199715+00,2026-01-07 08:00:24.315086+00,,,,
4,17,minimax/minimax-m2,minimax-m2,MiniMax M2,10,"MiniMax-M2 is a compact, high-efficiency large language model optimized for end-to-end coding and agentic workflows.","[""tools"",""tool_choice"",""reasoning""]",196608,200000,1000000,2,,true,2026-01-07 07:07:05.199715+00,2026-01-07 07:07:05.199715+00,2026-01-07 08:00:20.206819+00,,,,
5,36,z-ai/glm-4.7,glm-4.7,GLM 4.7,0,"GLM-4.7 is Z.AI’s latest flagship model, featuring upgrades in two key areas: enhanced programming capabilities and more stable multi-step reasoning/execution.","[""tools"",""tool_choice"",""reasoning""]",202752,160000,800000,1,,true,2026-01-07 07:07:05.199715+00,2026-01-07 07:07:05.199715+00,2026-01-07 08:00:16.814568+00,,,,
6,36,z-ai/glm-4.6v,glm-4.6v,GLM 4.6V,10,"GLM-4.6V is a large multimodal model designed for high-fidelity visual understanding and long-context reasoning across images, documents, and mixed media.","[""tools"",""tool_choice"",""reasoning""]",131072,300000,900000,2,,true,2026-01-07 07:07:05.199715+00,2026-01-07 07:07:05.199715+00,2026-01-07 08:00:14.45128+00,,,,
7,36,z-ai/glm-4.6,glm-4.6,GLM 4.6,20,"Compared with GLM-4.5, this generation brings several key improvements:

Longer context window: The context window has been expanded from 128K to 200K tokens, enabling the model to handle more complex agentic tasks.
Superior coding performance: The model achieves higher scores on code benchmarks and demonstrates better real-world performance in applications such as Claude Code、Cline、Roo Code and Kilo Code, including improvements in generating visually polished front-end pages.
Advanced reason...","[""tools"",""tool_choice"",""reasoning""]",202752,350000,1500000,2,,true,2026-01-07 07:07:05.199715+00,2026-01-07 07:07:05.199715+00,2026-01-07 08:00:11.168437+00,,,,
8,36,z-ai/glm-4.6:exacto,glm-4.6:exacto,GLM 4.6 (exacto),30,"Compared with GLM-4.5, this generation brings several key improvements:

Longer context window: The context window has been expanded from 128K to 200K tokens, enabling the model to handle more complex agentic tasks.
Superior coding performance: The model achieves higher scores on code benchmarks and demonstrates better real-world performance in applications such as Claude Code、Cline、Roo Code and Kilo Code, including improvements in generating visually polished front-end pages.
Advanced reason...","[""tools"",""tool_choice"",""reasoning""]",204800,440000,1760000,2,,true,2026-01-07 07:07:05.199715+00,2026-01-07 07:07:05.199715+00,2026-01-07 08:00:08.581677+00,,,,
9,36,z-ai/glm-4.5v,glm-4.5v,GLM 4.5V,40,GLM-4.5V is a vision-language foundation model for multimodal agent applications.,"[""tools"",""tool_choice"",""reasoning""]",65536,600000,1800000,2,,true,2026-01-07 07:07:05.199715+00,2026-01-07 07:07:05.199715+00,2026-01-07 08:00:05.855351+00,,,,
10,36,z-ai/glm-4.5,glm-4.5,GLM 4.5,50,"GLM-4.5 is our latest flagship foundation model, purpose-built for agent-based applications.","[""tools"",""tool_choice"",""reasoning""]",131072,350000,1550000,2,,true,2026-01-07 07:07:05.199715+00,2026-01-07 07:07:05.199715+00,2026-01-07 08:00:02.401779+00,,,,
11,36,z-ai/glm-4.5-air,glm-4.5-air,GLM 4.5 Air,60,"GLM-4.5-Air is the lightweight variant of our latest flagship model family, also purpose-built for agent-centric applications.","[""tools"",""tool_choice"",""reasoning""]",131072,50000,220000,1,,true,2026-01-07 07:07:05.199715+00,2026-01-07 07:07:05.199715+00,2026-01-07 07:59:55.890166+00,,,,
12,11,google/gemini-3-flash-preview,gemini-3-flash-preview,Gemini 3 Flash Preview,0,"Gemini 3 Flash Preview is a high speed, high value thinking model designed for agentic workflows, multi turn chat, and coding assistance.","[""tools"",""tool_choice"",""reasoning""]",1048576,500000,3000000,2,,true,2026-01-07 07:07:05.199715+00,2026-01-07 07:07:05.199715+00,2026-01-07 07:59:51.212219+00,,,,
14,11,google/gemini-3-pro-preview,gemini-3-pro-preview,Gemini 3 Pro Preview,20,"Gemini 3 Pro is Google’s flagship frontier model for high-precision multimodal reasoning, combining strong performance across text, image, video, audio, and code with a 1M-token context window.","[""tools"",""tool_choice"",""reasoning""]",1048576,2000000,12000000,3,,true,2026-01-07 07:07:05.199715+00,2026-01-07 07:07:05.199715+00,2026-01-07 07:59:46.956928+00,,,,
16,11,google/gemini-2.5-flash-preview-09-2025,gemini-2.5-flash-preview-09-2025,Gemini 2.5 Flash Preview 09-2025,40,"Gemini 2.5 Flash Preview September 2025 Checkpoint is Google's state-of-the-art workhorse model, specifically designed for advanced reasoning, coding, mathematics, and scientific tasks.","[""tools"",""tool_choice"",""reasoning""]",1048576,300000,2500000,2,,true,2026-01-07 07:07:05.199715+00,2026-01-07 07:07:05.199715+00,2026-01-07 07:59:41.142489+00,,,,
17,11,google/gemini-2.5-flash-lite-preview-09-2025,gemini-2.5-flash-lite-preview-09-2025,Gemini 2.5 Flash Lite Preview 09-2025,50,"Gemini 2.5 Flash-Lite is a lightweight reasoning model in the Gemini 2.5 family, optimized for ultra-low latency and cost efficiency.","[""tools"",""tool_choice"",""reasoning""]",1048576,100000,400000,1,,true,2026-01-07 07:07:05.199715+00,2026-01-07 07:07:05.199715+00,2026-01-07 07:59:39.4934+00,,,,
19,11,google/gemini-2.5-flash-lite,gemini-2.5-flash-lite,Gemini 2.5 Flash Lite,70,"Gemini 2.5 Flash-Lite is a lightweight reasoning model in the Gemini 2.5 family, optimized for ultra-low latency and cost efficiency.","[""tools"",""tool_choice"",""reasoning""]",1048576,100000,400000,1,,true,2026-01-07 07:07:05.199715+00,2026-01-07 07:07:05.199715+00,2026-01-07 07:59:33.824203+00,,,,
20,11,google/gemini-2.5-flash,gemini-2.5-flash,Gemini 2.5 Flash,80,"Gemini 2.5 Flash is Google's state-of-the-art workhorse model, specifically designed for advanced reasoning, coding, mathematics, and scientific tasks.","[""tools"",""tool_choice"",""reasoning""]",1048576,300000,2500000,2,,true,2026-01-07 07:07:05.199715+00,2026-01-07 07:07:05.199715+00,2026-01-07 07:59:31.609283+00,,,,
21,11,google/gemini-2.5-pro,gemini-2.5-pro,Gemini 2.5 Pro,90,"Gemini 2.5 Pro is Google’s state-of-the-art AI model designed for advanced reasoning, coding, mathematics, and scientific tasks.","[""tools"",""tool_choice"",""reasoning""]",1048576,1250000,10000000,3,,true,2026-01-07 07:07:05.199715+00,2026-01-07 07:07:05.199715+00,2026-01-07 07:59:29.262299+00,,,,
22,11,google/gemini-2.5-pro-preview,gemini-2.5-pro-preview,Gemini 2.5 Pro Preview 06-05,100,"Gemini 2.5 Pro is Google’s state-of-the-art AI model designed for advanced reasoning, coding, mathematics, and scientific tasks.","[""tools"",""tool_choice"",""reasoning""]",1048576,1250000,10000000,3,,true,2026-01-07 07:07:05.199715+00,2026-01-07 07:07:05.199715+00,2026-01-07 07:59:26.414136+00,,,,
23,11,google/gemini-2.5-pro-preview-05-06,gemini-2.5-pro-preview-05-06,Gemini 2.5 Pro Preview 05-06,110,"Gemini 2.5 Pro is Google’s state-of-the-art AI model designed for advanced reasoning, coding, mathematics, and scientific tasks.","[""tools"",""tool_choice"",""reasoning""]",1048576,1250000,10000000,3,,true,2026-01-07 07:07:05.199715+00,2026-01-07 07:07:05.199715+00,2026-01-07 07:59:24.035304+00,,,,
26,11,google/gemma-3-27b-it:free,gemma-3-27b-it:free,Gemma 3 27B (free),140,"Gemma 3 introduces multimodality, supporting vision-language input and text outputs.","[""tools"",""tool_choice""]",131072,0,0,0,,true,2026-01-07 07:07:05.199715+00,2026-01-07 07:07:05.199715+00,2026-01-07 07:59:16.786825+00,,,,
27,11,google/gemma-3-27b-it,gemma-3-27b-it,Gemma 3 27B,150,"Gemma 3 introduces multimodality, supporting vision-language input and text outputs.","[""tools"",""tool_choice""]",131072,36000,64000,1,,true,2026-01-07 07:07:05.199715+00,2026-01-07 07:07:05.199715+00,2026-01-07 07:59:14.317821+00,,,,
28,11,google/gemini-2.0-flash-lite-001,gemini-2.0-flash-lite-001,Gemini 2.0 Flash Lite,160,"Gemini 2.0 Flash Lite offers a significantly faster time to first token (TTFT) compared to [Gemini Flash 1.5](/google/gemini-flash-1.5), while maintaining quality on par with larger models like [Gemini Pro 1.5](/google/gemini-pro-1.5), all at extremely economical token prices.","[""tools"",""tool_choice""]",1048576,75000,300000,1,,true,2026-01-07 07:07:05.199715+00,2026-01-07 07:07:05.199715+00,2026-01-07 07:59:11.852285+00,,,,
29,11,google/gemini-2.0-flash-001,gemini-2.0-flash-001,Gemini 2.0 Flash,170,"Gemini Flash 2.0 offers a significantly faster time to first token (TTFT) compared to [Gemini Flash 1.5](/google/gemini-flash-1.5), while maintaining quality on par with larger models like [Gemini Pro 1.5](/google/gemini-pro-1.5).","[""tools"",""tool_choice""]",1048576,100000,400000,1,,true,2026-01-07 07:07:05.199715+00,2026-01-07 07:07:05.199715+00,2026-01-07 07:59:09.503859+00,,,,
33,2,allenai/olmo-3-7b-instruct,olmo-3-7b-instruct,Olmo 3 7B Instruct,20,"Olmo 3 7B Instruct is a supervised instruction-fine-tuned variant of the Olmo 3 7B base model, optimized for instruction-following, question-answering, and natural conversational dialogue.","[""tools"",""tool_choice""]",65536,100000,200000,1,,true,2026-01-07 07:07:05.199715+00,2026-01-07 07:07:05.199715+00,2026-01-07 07:58:58.739315+00,,,,
35,23,nvidia/nemotron-3-nano-30b-a3b,nemotron-3-nano-30b-a3b,Nemotron 3 Nano 30B A3B,0,"NVIDIA Nemotron 3 Nano 30B A3B is a small language MoE model with highest compute efficiency and accuracy for developers to build specialized agentic AI systems.

The model is fully open with open-weights, datasets and recipes so developers can easily
customize, optimize, and deploy the model on their infrastructure for maximum privacy and
security.

Note: For the free endpoint, all prompts and output are logged to improve the provider's model and its product and services.","[""tools"",""tool_choice"",""reasoning""]",262144,60000,240000,1,,true,2026-01-07 07:07:05.199715+00,2026-01-07 07:07:05.199715+00,2026-01-07 07:58:53.488551+00,,,,
36,23,nvidia/nemotron-nano-9b-v2:free,nemotron-nano-9b-v2:free,Nemotron Nano 9B V2 (free),10,"NVIDIA-Nemotron-Nano-9B-v2 is a large language model (LLM) trained from scratch by NVIDIA, and designed as a unified model for both reasoning and non-reasoning tasks.","[""tools"",""tool_choice"",""reasoning""]",128000,0,0,0,,true,2026-01-07 07:07:05.199715+00,2026-01-07 07:07:05.199715+00,2026-01-07 07:58:50.929055+00,,,,
38,24,openai/gpt-5.2-chat,gpt-5.2-chat,GPT-5.2 Chat,0,"GPT-5.2 Chat (AKA Instant) is the fast, lightweight member of the 5.2 family, optimized for low-latency chat while retaining strong general intelligence.","[""tools"",""tool_choice""]",128000,1750000,14000000,3,,true,2026-01-07 07:07:05.199715+00,2026-01-07 07:07:05.199715+00,2026-01-07 07:58:45.766353+00,,,,
39,24,openai/gpt-5.2-pro,gpt-5.2-pro,GPT-5.2 Pro,10,"GPT-5.2 Pro is OpenAI’s most advanced model, offering major improvements in agentic coding and long context performance over GPT-5 Pro.","[""tools"",""tool_choice"",""reasoning""]",400000,21000000,168000000,3,,true,2026-01-07 07:07:05.199715+00,2026-01-07 07:07:05.199715+00,2026-01-07 07:58:43.374155+00,,,,
40,24,openai/gpt-5.2,gpt-5.2,GPT-5.2,20,"GPT-5.2 is the latest frontier-grade model in the GPT-5 series, offering stronger agentic and long context perfomance compared to GPT-5.1.","[""tools"",""tool_choice"",""reasoning""]",400000,1750000,14000000,3,,true,2026-01-07 07:07:05.199715+00,2026-01-07 07:07:05.199715+00,2026-01-07 07:58:40.656406+00,,,,
41,24,openai/gpt-5.1-codex-max,gpt-5.1-codex-max,GPT-5.1-Codex-Max,30,"GPT-5.1-Codex-Max is OpenAI’s latest agentic coding model, designed for long-running, high-context software development tasks.","[""tools"",""tool_choice"",""reasoning""]",400000,1250000,10000000,3,,true,2026-01-07 07:07:05.199715+00,2026-01-07 07:07:05.199715+00,2026-01-07 07:58:38.245587+00,,,,
42,24,openai/gpt-5.1,gpt-5.1,GPT-5.1,40,"GPT-5.1 is the latest frontier-grade model in the GPT-5 series, offering stronger general-purpose reasoning, improved instruction adherence, and a more natural conversational style compared to GPT-5.","[""tools"",""tool_choice"",""reasoning""]",400000,1250000,10000000,3,,true,2026-01-07 07:07:05.199715+00,2026-01-07 07:07:05.199715+00,2026-01-07 07:58:36.271169+00,,,,
43,24,openai/gpt-5.1-chat,gpt-5.1-chat,GPT-5.1 Chat,50,"GPT-5.1 Chat (AKA Instant is the fast, lightweight member of the 5.1 family, optimized for low-latency chat while retaining strong general intelligence.","[""tools"",""tool_choice""]",128000,1250000,10000000,3,,true,2026-01-07 07:07:05.199715+00,2026-01-07 07:07:05.199715+00,2026-01-07 07:58:33.979799+00,,,,
44,24,openai/gpt-5.1-codex,gpt-5.1-codex,GPT-5.1-Codex,60,GPT-5.1-Codex is a specialized version of GPT-5.1 optimized for software engineering and coding workflows.,"[""tools"",""tool_choice"",""reasoning""]",400000,1250000,10000000,3,,true,2026-01-07 07:07:05.199715+00,2026-01-07 07:07:05.199715+00,2026-01-07 07:58:31.666101+00,,,,
45,24,openai/gpt-5.1-codex-mini,gpt-5.1-codex-mini,GPT-5.1-Codex-Mini,70,GPT-5.1-Codex-Mini is a smaller and faster version of GPT-5.1-Codex,"[""tools"",""tool_choice"",""reasoning""]",400000,250000,2000000,2,,true,2026-01-07 07:07:05.199715+00,2026-01-07 07:07:05.199715+00,2026-01-07 07:58:28.45025+00,,,,
46,24,openai/gpt-5-image-mini,gpt-5-image-mini,GPT-5 Image Mini,80,"GPT-5 Image Mini combines OpenAI's advanced language capabilities, powered by [GPT-5 Mini](https://openrouter.ai/openai/gpt-5-mini), with GPT Image 1 Mini for efficient image generation.","[""tools"",""tool_choice"",""reasoning""]",400000,2500000,2000000,2,,true,2026-01-07 07:07:05.199715+00,2026-01-07 07:07:05.199715+00,2026-01-07 07:58:26.103105+00,,,,
47,24,openai/gpt-5-image,gpt-5-image,GPT-5 Image,90,[GPT-5](https://openrouter.ai/openai/gpt-5) Image combines OpenAI's GPT-5 model with state-of-the-art image generation capabilities.,"[""tools"",""tool_choice"",""reasoning""]",400000,10000000,10000000,3,,true,2026-01-07 07:07:05.199715+00,2026-01-07 07:07:05.199715+00,2026-01-07 07:58:23.661149+00,,,,
48,24,openai/o3-deep-research,o3-deep-research,o3 Deep Research,100,"o3-deep-research is OpenAI's advanced model for deep research, designed to tackle complex, multi-step research tasks.

Note: This model always uses the 'web_search' tool which adds additional cost.","[""tools"",""tool_choice"",""reasoning""]",200000,10000000,40000000,3,,true,2026-01-07 07:07:05.199715+00,2026-01-07 07:07:05.199715+00,2026-01-07 07:58:21.211644+00,,,,
49,24,openai/o4-mini-deep-research,o4-mini-deep-research,o4 Mini Deep Research,110,"o4-mini-deep-research is OpenAI's faster, more affordable deep research model—ideal for tackling complex, multi-step research tasks.

Note: This model always uses the 'web_search' tool which adds additional cost.","[""tools"",""tool_choice"",""reasoning""]",200000,2000000,8000000,3,,true,2026-01-07 07:07:05.199715+00,2026-01-07 07:07:05.199715+00,2026-01-07 07:58:18.77+00,,,,
50,24,openai/gpt-5-pro,gpt-5-pro,GPT-5 Pro,120,"GPT-5 Pro is OpenAI’s most advanced model, offering major improvements in reasoning, code quality, and user experience.","[""tools"",""tool_choice"",""reasoning""]",400000,15000000,120000000,3,,true,2026-01-07 07:07:05.199715+00,2026-01-07 07:07:05.199715+00,2026-01-07 07:58:15.98643+00,,,,
51,24,openai/gpt-5-codex,gpt-5-codex,GPT-5 Codex,130,GPT-5-Codex is a specialized version of GPT-5 optimized for software engineering and coding workflows.,"[""tools"",""tool_choice"",""reasoning""]",400000,1250000,10000000,3,,true,2026-01-07 07:07:05.199715+00,2026-01-07 07:07:05.199715+00,2026-01-07 07:58:11.986014+00,,,,
52,24,openai/gpt-4o-audio-preview,gpt-4o-audio-preview,GPT-4o Audio,140,The gpt-4o-audio-preview model adds support for audio inputs as prompts.,"[""tools"",""tool_choice""]",128000,2500000,10000000,3,,true,2026-01-07 07:07:05.199715+00,2026-01-07 07:07:05.199715+00,2026-01-07 07:58:09.06171+00,,,,
54,24,openai/gpt-5,gpt-5,GPT-5,160,"GPT-5 is OpenAI’s most advanced model, offering major improvements in reasoning, code quality, and user experience.","[""tools"",""tool_choice"",""reasoning""]",400000,1250000,10000000,3,,true,2026-01-07 07:07:05.199715+00,2026-01-07 07:07:05.199715+00,2026-01-07 07:58:04.567983+00,,,,
55,24,openai/gpt-5-mini,gpt-5-mini,GPT-5 Mini,170,"GPT-5 Mini is a compact version of GPT-5, designed to handle lighter-weight reasoning tasks.","[""tools"",""tool_choice"",""reasoning""]",400000,250000,2000000,2,,true,2026-01-07 07:07:05.199715+00,2026-01-07 07:07:05.199715+00,2026-01-07 07:58:02.356925+00,,,,
56,24,openai/gpt-5-nano,gpt-5-nano,GPT-5 Nano,180,"GPT-5-Nano is the smallest and fastest variant in the GPT-5 system, optimized for developer tools, rapid interactions, and ultra-low latency environments.","[""tools"",""tool_choice"",""reasoning""]",400000,50000,400000,1,,true,2026-01-07 07:07:05.199715+00,2026-01-07 07:07:05.199715+00,2026-01-07 07:58:00.706556+00,,,,
57,24,openai/gpt-oss-120b,gpt-oss-120b,gpt-oss-120b,190,"gpt-oss-120b is an open-weight, 117B-parameter Mixture-of-Experts (MoE) language model from OpenAI designed for high-reasoning, agentic, and general-purpose production use cases.","[""tools"",""tool_choice"",""reasoning""]",131072,20000,100000,1,,true,2026-01-07 07:07:05.199715+00,2026-01-07 07:07:05.199715+00,2026-01-07 07:57:57.637785+00,,,,
58,24,openai/gpt-oss-120b:exacto,gpt-oss-120b:exacto,gpt-oss-120b (exacto),200,"gpt-oss-120b is an open-weight, 117B-parameter Mixture-of-Experts (MoE) language model from OpenAI designed for high-reasoning, agentic, and general-purpose production use cases.","[""tools"",""tool_choice"",""reasoning""]",131072,39000,190000,1,,true,2026-01-07 07:07:05.199715+00,2026-01-07 07:07:05.199715+00,2026-01-07 07:57:54.814542+00,,,,
59,24,openai/gpt-oss-20b,gpt-oss-20b,gpt-oss-20b,210,gpt-oss-20b is an open-weight 21B parameter model released by OpenAI under the Apache 2.0 license.,"[""tools"",""tool_choice"",""reasoning""]",131072,16000,60000,1,,true,2026-01-07 07:07:05.199715+00,2026-01-07 07:07:05.199715+00,2026-01-07 07:57:52.849549+00,,,,
60,24,openai/o3-pro,o3-pro,o3 Pro,220,The o-series of models are trained with reinforcement learning to think before they answer and perform complex reasoning.,"[""tools"",""tool_choice"",""reasoning""]",200000,20000000,80000000,3,,true,2026-01-07 07:07:05.199715+00,2026-01-07 07:07:05.199715+00,2026-01-07 07:57:49.42269+00,,,,
61,24,openai/codex-mini,codex-mini,Codex Mini,230,codex-mini-latest is a fine-tuned version of o4-mini specifically for use in Codex CLI.,"[""tools"",""tool_choice"",""reasoning""]",200000,1500000,6000000,2,,true,2026-01-07 07:07:05.199715+00,2026-01-07 07:07:05.199715+00,2026-01-07 07:57:46.949797+00,,,,
62,24,openai/o4-mini-high,o4-mini-high,o4 Mini High,240,OpenAI o4-mini-high is the same model as [o4-mini](/openai/o4-mini) with reasoning_effort set to high.,"[""tools"",""tool_choice"",""reasoning""]",200000,1100000,4400000,2,,true,2026-01-07 07:07:05.199715+00,2026-01-07 07:07:05.199715+00,2026-01-07 07:57:43.028056+00,,,,
63,24,openai/o3,o3,o3,250,o3 is a well-rounded and powerful model across domains.,"[""tools"",""tool_choice"",""reasoning""]",200000,2000000,8000000,3,,true,2026-01-07 07:07:05.199715+00,2026-01-07 07:07:05.199715+00,2026-01-07 07:57:40.94857+00,,,,
64,24,openai/o4-mini,o4-mini,o4 Mini,260,"OpenAI o4-mini is a compact reasoning model in the o-series, optimized for fast, cost-efficient performance while retaining strong multimodal and agentic capabilities.","[""tools"",""tool_choice"",""reasoning""]",200000,1100000,4400000,2,,true,2026-01-07 07:07:05.199715+00,2026-01-07 07:07:05.199715+00,2026-01-07 07:57:38.8882+00,,,,
65,24,openai/gpt-4.1,gpt-4.1,GPT-4.1,270,"GPT-4.1 is a flagship large language model optimized for advanced instruction following, real-world software engineering, and long-context reasoning.","[""tools"",""tool_choice""]",1047576,2000000,8000000,3,,true,2026-01-07 07:07:05.199715+00,2026-01-07 07:07:05.199715+00,2026-01-07 07:57:36.489532+00,,,,
66,24,openai/gpt-4.1-mini,gpt-4.1-mini,GPT-4.1 Mini,280,GPT-4.1 Mini is a mid-sized model delivering performance competitive with GPT-4o at substantially lower latency and cost.,"[""tools"",""tool_choice""]",1047576,400000,1600000,2,,true,2026-01-07 07:07:05.199715+00,2026-01-07 07:07:05.199715+00,2026-01-07 07:57:33.750175+00,,,,
67,24,openai/gpt-4.1-nano,gpt-4.1-nano,GPT-4.1 Nano,290,"For tasks that demand low latency, GPT‑4.1 nano is the fastest and cheapest model in the GPT-4.1 series.","[""tools"",""tool_choice""]",1047576,100000,400000,1,,true,2026-01-07 07:07:05.199715+00,2026-01-07 07:07:05.199715+00,2026-01-07 07:57:27.21618+00,,,,
71,24,openai/o3-mini-high,o3-mini-high,o3 Mini High,330,OpenAI o3-mini-high is the same model as [o3-mini](/openai/o3-mini) with reasoning_effort set to high.,"[""tools"",""tool_choice""]",200000,1100000,4400000,2,,true,2026-01-07 07:07:05.199715+00,2026-01-07 07:07:05.199715+00,2026-01-07 07:57:17.762603+00,,,,
72,24,openai/o3-mini,o3-mini,o3 Mini,340,"OpenAI o3-mini is a cost-efficient language model optimized for STEM reasoning tasks, particularly excelling in science, mathematics, and coding.

This model supports the `reasoning_effort` parameter, which can be set to ""high"", ""medium"", or ""low"" to control the thinking time of the model.","[""tools"",""tool_choice""]",200000,1100000,4400000,2,,true,2026-01-07 07:07:05.199715+00,2026-01-07 07:07:05.199715+00,2026-01-07 07:57:15.098252+00,,,,
73,24,openai/o1,o1,o1,350,"The latest and strongest model family from OpenAI, o1 is designed to spend more time thinking before responding.","[""tools"",""tool_choice""]",200000,15000000,60000000,3,,true,2026-01-07 07:07:05.199715+00,2026-01-07 07:07:05.199715+00,2026-01-07 07:57:11.932908+00,,,,
74,24,openai/gpt-4o-2024-11-20,gpt-4o-2024-11-20,GPT-4o (2024-11-20),360,"The 2024-11-20 version of GPT-4o offers a leveled-up creative writing ability with more natural, engaging, and tailored writing to improve relevance & readability.","[""tools"",""tool_choice"",""web_search""]",128000,2500000,10000000,3,,true,2026-01-07 07:07:05.199715+00,2026-01-07 07:07:05.199715+00,2026-01-07 07:57:09.672714+00,,,,
76,24,openai/gpt-4o-2024-08-06,gpt-4o-2024-08-06,GPT-4o (2024-08-06),380,"The 2024-08-06 version of GPT-4o offers improved performance in structured outputs, with the ability to supply a JSON schema in the respone_format.","[""tools"",""tool_choice"",""web_search""]",128000,2500000,10000000,3,,true,2026-01-07 07:07:05.199715+00,2026-01-07 07:07:05.199715+00,2026-01-07 07:57:04.274769+00,,,,
77,24,openai/gpt-4o-mini-2024-07-18,gpt-4o-mini-2024-07-18,GPT-4o-mini (2024-07-18),390,"GPT-4o mini is OpenAI's newest model after [GPT-4 Omni](/models/openai/gpt-4o), supporting both text and image inputs with text outputs.

As their most advanced small model, it is many multiples more affordable than other recent frontier models, and more than 60% cheaper than [GPT-3.5 Turbo](/models/openai/gpt-3.5-turbo).","[""tools"",""tool_choice"",""web_search""]",128000,150000,600000,1,,true,2026-01-07 07:07:05.199715+00,2026-01-07 07:07:05.199715+00,2026-01-07 07:57:00.570004+00,,,,
78,24,openai/gpt-4o-mini,gpt-4o-mini,GPT-4o-mini,400,"GPT-4o mini is OpenAI's newest model after [GPT-4 Omni](/models/openai/gpt-4o), supporting both text and image inputs with text outputs.

As their most advanced small model, it is many multiples more affordable than other recent frontier models, and more than 60% cheaper than [GPT-3.5 Turbo](/models/openai/gpt-3.5-turbo).","[""tools"",""tool_choice"",""web_search""]",128000,150000,600000,1,,true,2026-01-07 07:07:05.199715+00,2026-01-07 07:07:05.199715+00,2026-01-07 07:56:57.958848+00,,,,
79,24,openai/gpt-4o-2024-05-13,gpt-4o-2024-05-13,GPT-4o (2024-05-13),410,"GPT-4o (""o"" for ""omni"") is OpenAI's latest AI model, supporting both text and image inputs with text outputs.","[""tools"",""tool_choice"",""web_search""]",128000,5000000,15000000,3,,true,2026-01-07 07:07:05.199715+00,2026-01-07 07:07:05.199715+00,2026-01-07 07:56:53.876709+00,,,,
80,24,openai/gpt-4o,gpt-4o,GPT-4o,420,"GPT-4o (""o"" for ""omni"") is OpenAI's latest AI model, supporting both text and image inputs with text outputs.","[""tools"",""tool_choice"",""web_search""]",128000,2500000,10000000,3,,true,2026-01-07 07:07:05.199715+00,2026-01-07 07:07:05.199715+00,2026-01-07 07:56:50.38186+00,,,,
81,24,openai/gpt-4o:extended,gpt-4o:extended,GPT-4o (extended),430,"GPT-4o (""o"" for ""omni"") is OpenAI's latest AI model, supporting both text and image inputs with text outputs.","[""tools"",""tool_choice"",""web_search""]",128000,6000000,18000000,3,,true,2026-01-07 07:07:05.199715+00,2026-01-07 07:07:05.199715+00,2026-01-07 07:56:48.303575+00,,,,
82,24,openai/gpt-4-turbo,gpt-4-turbo,GPT-4 Turbo,440,The latest GPT-4 Turbo model with vision capabilities.,"[""tools"",""tool_choice""]",128000,10000000,30000000,3,,true,2026-01-07 07:07:05.199715+00,2026-01-07 07:07:05.199715+00,2026-01-07 07:56:46.242144+00,,,,
83,24,openai/gpt-3.5-turbo-0613,gpt-3.5-turbo-0613,GPT-3.5 Turbo (older v0613),450,GPT-3.5 Turbo is OpenAI's fastest model.,"[""tools"",""tool_choice""]",4095,1000000,2000000,2,,true,2026-01-07 07:07:05.199715+00,2026-01-07 07:07:05.199715+00,2026-01-07 07:56:44.09316+00,,,,
84,24,openai/gpt-4-turbo-preview,gpt-4-turbo-preview,GPT-4 Turbo Preview,460,"The preview GPT-4 model with improved instruction following, JSON mode, reproducible outputs, parallel function calling, and more.","[""tools"",""tool_choice""]",128000,10000000,30000000,3,,true,2026-01-07 07:07:05.199715+00,2026-01-07 07:07:05.199715+00,2026-01-07 07:56:41.755436+00,,,,
85,24,openai/gpt-4-1106-preview,gpt-4-1106-preview,GPT-4 Turbo (older v1106),470,The latest GPT-4 Turbo model with vision capabilities.,"[""tools"",""tool_choice""]",128000,10000000,30000000,3,,true,2026-01-07 07:07:05.199715+00,2026-01-07 07:07:05.199715+00,2026-01-07 07:56:38.871987+00,,,,
87,24,openai/gpt-3.5-turbo-16k,gpt-3.5-turbo-16k,GPT-3.5 Turbo 16k,490,"This model offers four times the context length of gpt-3.5-turbo, allowing it to support approximately 20 pages of text in a single request at a higher cost.","[""tools"",""tool_choice""]",16385,3000000,4000000,2,,true,2026-01-07 07:07:05.199715+00,2026-01-07 07:07:05.199715+00,2026-01-07 07:56:34.729392+00,,,,
88,24,openai/gpt-4-0314,gpt-4-0314,GPT-4 (older v0314),500,"GPT-4-0314 is the first version of GPT-4 released, with a context length of 8,192 tokens, and was supported until June 14.","[""tools"",""tool_choice""]",8191,30000000,60000000,3,,true,2026-01-07 07:07:05.199715+00,2026-01-07 07:07:05.199715+00,2026-01-07 07:56:32.509566+00,,,,
89,24,openai/gpt-4,gpt-4,GPT-4,510,"OpenAI's flagship model, GPT-4 is a large-scale multimodal language model capable of solving difficult problems with greater accuracy than previous models due to its broader general knowledge and advanced reasoning capabilities.","[""tools"",""tool_choice""]",8191,30000000,60000000,3,,true,2026-01-07 07:07:05.199715+00,2026-01-07 07:07:05.199715+00,2026-01-07 07:56:29.983177+00,,,,
90,24,openai/gpt-3.5-turbo,gpt-3.5-turbo,GPT-3.5 Turbo,520,GPT-3.5 Turbo is OpenAI's fastest model.,"[""tools"",""tool_choice""]",16385,500000,1500000,2,,true,2026-01-07 07:07:05.199715+00,2026-01-07 07:07:05.199715+00,2026-01-07 07:56:27.063276+00,,,,
91,18,mistralai/devstral-2512:free,devstral-2512:free,Devstral 2 2512 (free),0,Devstral 2 is a state-of-the-art open-source model by Mistral AI specializing in agentic coding.,"[""tools"",""tool_choice""]",262144,0,0,0,,true,2026-01-07 07:07:05.199715+00,2026-01-07 07:07:05.199715+00,2026-01-07 07:56:23.643065+00,,,,
92,18,mistralai/devstral-2512,devstral-2512,Devstral 2 2512,10,Devstral 2 is a state-of-the-art open-source model by Mistral AI specializing in agentic coding.,"[""tools"",""tool_choice""]",262144,50000,220000,1,,true,2026-01-07 07:07:05.199715+00,2026-01-07 07:07:05.199715+00,2026-01-07 07:55:50.114944+00,,,,
93,18,mistralai/ministral-14b-2512,ministral-14b-2512,Ministral 3 14B 2512,20,"The largest model in the Ministral 3 family, Ministral 3 14B offers frontier capabilities and performance comparable to its larger Mistral Small 3.2 24B counterpart.","[""tools"",""tool_choice""]",262144,200000,200000,1,,true,2026-01-07 07:07:05.199715+00,2026-01-07 07:07:05.199715+00,2026-01-07 07:55:52.094467+00,,,,
94,18,mistralai/ministral-8b-2512,ministral-8b-2512,Ministral 3 8B 2512,30,"A balanced model in the Ministral 3 family, Ministral 3 8B is a powerful, efficient tiny language model with vision capabilities.","[""tools"",""tool_choice""]",262144,150000,150000,1,,true,2026-01-07 07:07:05.199715+00,2026-01-07 07:07:05.199715+00,2026-01-07 07:55:55.456874+00,,,,
95,18,mistralai/ministral-3b-2512,ministral-3b-2512,Ministral 3 3B 2512,40,"The smallest model in the Ministral 3 family, Ministral 3 3B is a powerful, efficient tiny language model with vision capabilities.","[""tools"",""tool_choice""]",131072,100000,100000,1,,true,2026-01-07 07:07:05.199715+00,2026-01-07 07:07:05.199715+00,2026-01-07 07:55:59.034499+00,,,,
96,18,mistralai/mistral-large-2512,mistral-large-2512,Mistral Large 3 2512,50,"Mistral Large 3 2512 is Mistral’s most capable model to date, featuring a sparse mixture-of-experts architecture with 41B active parameters (675B total), and released under the Apache 2.0 license.","[""tools"",""tool_choice""]",262144,500000,1500000,2,,true,2026-01-07 07:07:05.199715+00,2026-01-07 07:07:05.199715+00,2026-01-07 07:56:03.010038+00,,,,
97,18,mistralai/voxtral-small-24b-2507,voxtral-small-24b-2507,Voxtral Small 24B 2507,60,"Voxtral Small is an enhancement of Mistral Small 3, incorporating state-of-the-art audio input capabilities while retaining best-in-class text performance.","[""tools"",""tool_choice""]",32000,100000,300000,1,,true,2026-01-07 07:07:05.199715+00,2026-01-07 07:07:05.199715+00,2026-01-07 07:56:07.416742+00,,,,
98,18,mistralai/mistral-medium-3.1,mistral-medium-3.1,Mistral Medium 3.1,70,"Mistral Medium 3.1 is an updated version of Mistral Medium 3, which is a high-performance enterprise-grade language model designed to deliver frontier-level capabilities at significantly reduced operational cost.","[""tools"",""tool_choice""]",131072,400000,2000000,2,,true,2026-01-07 07:07:05.199715+00,2026-01-07 07:07:05.199715+00,2026-01-07 07:56:11.168068+00,,,,
99,18,mistralai/codestral-2508,codestral-2508,Codestral 2508,80,Mistral's cutting-edge language model for coding released end of July 2025.,"[""tools"",""tool_choice""]",256000,300000,900000,2,,true,2026-01-07 07:07:05.199715+00,2026-01-07 07:07:05.199715+00,2026-01-07 07:56:13.652482+00,,,,
100,18,mistralai/devstral-medium,devstral-medium,Devstral Medium,90,Devstral Medium is a high-performance code generation and agentic reasoning model developed jointly by Mistral AI and All Hands AI.,"[""tools"",""tool_choice""]",131072,400000,2000000,2,,true,2026-01-07 07:07:05.199715+00,2026-01-07 07:07:05.199715+00,2026-01-07 07:56:18.719876+00,,,,
101,18,mistralai/devstral-small,devstral-small,Mistral: Devstral Small 1.1,100,"Devstral Small 1.1 is a 24B parameter open-weight language model for software engineering agents, developed by Mistral AI in collaboration with All Hands AI.","[""tools"",""tool_choice""]",128000,70000,280000,1,,true,2026-01-07 07:07:05.199715+00,2026-01-07 07:07:05.199715+00,2026-01-07 07:07:05.199715+00,,,,
102,18,mistralai/mistral-small-3.2-24b-instruct,mistral-small-3.2-24b-instruct,Mistral: Mistral Small 3.2 24B,110,"Mistral-Small-3.2-24B-Instruct-2506 is an updated 24B parameter model from Mistral optimized for instruction following, repetition reduction, and improved function calling.","[""tools"",""tool_choice""]",131072,60000,180000,1,,true,2026-01-07 07:07:05.199715+00,2026-01-07 07:07:05.199715+00,2026-01-07 07:07:05.199715+00,,,,
103,18,mistralai/mistral-medium-3,mistral-medium-3,Mistral: Mistral Medium 3,120,Mistral Medium 3 is a high-performance enterprise-grade language model designed to deliver frontier-level capabilities at significantly reduced operational cost.,"[""tools"",""tool_choice""]",131072,400000,2000000,2,,true,2026-01-07 07:07:05.199715+00,2026-01-07 07:07:05.199715+00,2026-01-07 07:07:05.199715+00,,,,
104,18,mistralai/mistral-small-3.1-24b-instruct:free,mistral-small-3.1-24b-instruct:free,Mistral: Mistral Small 3.1 24B (free),130,"Mistral Small 3.1 24B Instruct is an upgraded variant of Mistral Small 3 (2501), featuring 24 billion parameters with advanced multimodal capabilities.","[""tools"",""tool_choice""]",128000,0,0,0,,true,2026-01-07 07:07:05.199715+00,2026-01-07 07:07:05.199715+00,2026-01-08 09:32:35.085557+00,,,,
105,18,mistralai/mistral-small-3.1-24b-instruct,mistral-small-3.1-24b-instruct,Mistral: Mistral Small 3.1 24B,140,"Mistral Small 3.1 24B Instruct is an upgraded variant of Mistral Small 3 (2501), featuring 24 billion parameters with advanced multimodal capabilities.","[""tools"",""tool_choice""]",131072,30000,110000,1,,true,2026-01-07 07:07:05.199715+00,2026-01-07 07:07:05.199715+00,2026-01-07 07:07:05.199715+00,,,,
106,18,mistralai/mistral-saba,mistral-saba,Mistral: Saba,150,"Mistral Saba is a 24B-parameter language model specifically designed for the Middle East and South Asia, delivering accurate and contextually relevant responses while maintaining efficient performance.","[""tools"",""tool_choice""]",32768,200000,600000,1,,true,2026-01-07 07:07:05.199715+00,2026-01-07 07:07:05.199715+00,2026-01-07 07:07:05.199715+00,,,,
107,18,mistralai/mistral-small-24b-instruct-2501,mistral-small-24b-instruct-2501,Mistral: Mistral Small 3,160,Mistral Small 3 is a 24B-parameter language model optimized for low-latency performance across common AI tasks.,"[""tools"",""tool_choice""]",32768,30000,110000,1,,true,2026-01-07 07:07:05.199715+00,2026-01-07 07:07:05.199715+00,2026-01-07 07:07:05.199715+00,,,,
108,18,mistralai/mistral-large-2411,mistral-large-2411,Mistral Large 2411,170,"Mistral Large 2 2411 is an update of [Mistral Large 2](/mistralai/mistral-large) released together with [Pixtral Large 2411](/mistralai/pixtral-large-2411)

It provides a significant upgrade on the previous [Mistral Large 24.07](/mistralai/mistral-large-2407), with notable improvements in long context understanding, a new system prompt, and more accurate function calling.","[""tools"",""tool_choice""]",131072,2000000,6000000,2,,true,2026-01-07 07:07:05.199715+00,2026-01-07 07:07:05.199715+00,2026-01-07 07:07:05.199715+00,,,,
109,18,mistralai/mistral-large-2407,mistral-large-2407,Mistral Large 2407,180,"This is Mistral AI's flagship model, Mistral Large 2 (version mistral-large-2407).","[""tools"",""tool_choice""]",131072,2000000,6000000,2,,true,2026-01-07 07:07:05.199715+00,2026-01-07 07:07:05.199715+00,2026-01-07 07:07:05.199715+00,,,,
110,18,mistralai/pixtral-large-2411,pixtral-large-2411,Mistral: Pixtral Large 2411,190,"Pixtral Large is a 124B parameter, open-weight, multimodal model built on top of [Mistral Large 2](/mistralai/mistral-large-2411).","[""tools"",""tool_choice""]",131072,2000000,6000000,2,,true,2026-01-07 07:07:05.199715+00,2026-01-07 07:07:05.199715+00,2026-01-07 07:07:05.199715+00,,,,
111,18,mistralai/ministral-8b,ministral-8b,Mistral: Ministral 8B,200,"Ministral 8B is an 8B parameter model featuring a unique interleaved sliding-window attention pattern for faster, memory-efficient inference.","[""tools"",""tool_choice""]",131072,100000,100000,1,,true,2026-01-07 07:07:05.199715+00,2026-01-07 07:07:05.199715+00,2026-01-07 07:07:05.199715+00,,,,
112,18,mistralai/ministral-3b,ministral-3b,Mistral: Ministral 3B,210,Ministral 3B is a 3B parameter model optimized for on-device and edge computing.,"[""tools"",""tool_choice""]",131072,40000,40000,1,,true,2026-01-07 07:07:05.199715+00,2026-01-07 07:07:05.199715+00,2026-01-07 07:07:05.199715+00,,,,
113,18,mistralai/pixtral-12b,pixtral-12b,Mistral: Pixtral 12B,220,"The first multi-modal, text+image-to-text model from Mistral AI.","[""tools"",""tool_choice""]",32768,100000,100000,1,,true,2026-01-07 07:07:05.199715+00,2026-01-07 07:07:05.199715+00,2026-01-07 07:07:05.199715+00,,,,
114,18,mistralai/mistral-nemo,mistral-nemo,Mistral: Mistral Nemo,230,"A 12B parameter model with a 128k token context length built by Mistral in collaboration with NVIDIA.

The model is multilingual, supporting English, French, German, Spanish, Italian, Portuguese, Chinese, Japanese, Korean, Arabic, and Hindi.

It supports function calling and is released under the Apache 2.0 license.","[""tools"",""tool_choice""]",131072,20000,40000,1,,true,2026-01-07 07:07:05.199715+00,2026-01-07 07:07:05.199715+00,2026-01-07 07:07:05.199715+00,,,,
115,18,mistralai/mixtral-8x22b-instruct,mixtral-8x22b-instruct,Mistral: Mixtral 8x22B Instruct,240,Mistral's official instruct fine-tuned version of [Mixtral 8x22B](/models/mistralai/mixtral-8x22b).,"[""tools"",""tool_choice""]",65536,2000000,6000000,2,,true,2026-01-07 07:07:05.199715+00,2026-01-07 07:07:05.199715+00,2026-01-07 07:07:05.199715+00,,,,
116,18,mistralai/mistral-large,mistral-large,Mistral Large,250,"This is Mistral AI's flagship model, Mistral Large 2 (version `mistral-large-2407`).","[""tools"",""tool_choice""]",128000,2000000,6000000,2,,true,2026-01-07 07:07:05.199715+00,2026-01-07 07:07:05.199715+00,2026-01-07 07:07:05.199715+00,,,,
117,18,mistralai/mistral-tiny,mistral-tiny,Mistral Tiny,260,Note: This model is being deprecated.,"[""tools"",""tool_choice""]",32768,250000,250000,1,,true,2026-01-07 07:07:05.199715+00,2026-01-07 07:07:05.199715+00,2026-01-07 07:07:05.199715+00,,,,
118,21,nex-agi/deepseek-v3.1-nex-n1:free,deepseek-v3.1-nex-n1:free,Nex AGI: DeepSeek V3.1 Nex N1 (free),0,"DeepSeek V3.1 Nex-N1 is the flagship release of the Nex-N1 series — a post-trained model designed to highlight agent autonomy, tool use, and real-world productivity.","[""tools"",""tool_choice""]",131072,0,0,0,,true,2026-01-07 07:07:05.199715+00,2026-01-07 07:07:05.199715+00,2026-01-07 07:07:05.199715+00,,,,
119,10,essentialai/rnj-1-instruct,rnj-1-instruct,EssentialAI: Rnj 1 Instruct,0,"Rnj-1 is an 8B-parameter, dense, open-weight model family developed by Essential AI and trained from scratch with a focus on programming, math, and scientific reasoning.",[],32768,150000,150000,1,,true,2026-01-07 07:07:05.199715+00,2026-01-07 07:07:05.199715+00,2026-01-07 07:07:05.199715+00,,,,
120,4,arcee-ai/trinity-mini:free,trinity-mini:free,Arcee AI: Trinity Mini (free),0,Trinity Mini is a 26B-parameter (3B active) sparse mixture-of-experts language model featuring 128 experts with 8 active per token.,"[""tools"",""tool_choice"",""reasoning""]",131072,0,0,0,,true,2026-01-07 07:07:05.199715+00,2026-01-07 07:07:05.199715+00,2026-01-07 07:07:05.199715+00,,,,
121,4,arcee-ai/trinity-mini,trinity-mini,Arcee AI: Trinity Mini,10,Trinity Mini is a 26B-parameter (3B active) sparse mixture-of-experts language model featuring 128 experts with 8 active per token.,"[""tools"",""tool_choice"",""reasoning""]",131072,45000,150000,1,,true,2026-01-07 07:07:05.199715+00,2026-01-07 07:07:05.199715+00,2026-01-07 07:07:05.199715+00,,,,
122,9,deepseek/deepseek-v3.2-speciale,deepseek-v3.2-speciale,DeepSeek: DeepSeek V3.2 Speciale,0,DeepSeek-V3.2-Speciale is a high-compute variant of DeepSeek-V3.2 optimized for maximum reasoning and agentic performance.,"[""reasoning""]",163840,270000,410000,1,,true,2026-01-07 07:07:05.199715+00,2026-01-07 07:07:05.199715+00,2026-01-07 07:07:05.199715+00,,,,
123,9,deepseek/deepseek-v3.2,deepseek-v3.2,DeepSeek: DeepSeek V3.2,10,DeepSeek-V3.2 is a large language model designed to harmonize high computational efficiency with strong reasoning and agentic tool-use performance.,"[""tools"",""tool_choice"",""reasoning""]",163840,250000,380000,1,,true,2026-01-07 07:07:05.199715+00,2026-01-07 07:07:05.199715+00,2026-01-07 07:07:05.199715+00,,,,
124,9,deepseek/deepseek-v3.2-exp,deepseek-v3.2-exp,DeepSeek: DeepSeek V3.2 Exp,20,DeepSeek-V3.2-Exp is an experimental large language model released by DeepSeek as an intermediate step between V3.1 and future architectures.,"[""tools"",""tool_choice"",""reasoning""]",163840,210000,320000,1,,true,2026-01-07 07:07:05.199715+00,2026-01-07 07:07:05.199715+00,2026-01-07 07:07:05.199715+00,,,,
125,9,deepseek/deepseek-v3.1-terminus:exacto,deepseek-v3.1-terminus:exacto,DeepSeek: DeepSeek V3.1 Terminus (exacto),30,"DeepSeek-V3.1 Terminus is an update to [DeepSeek V3.1](/deepseek/deepseek-chat-v3.1) that maintains the model's original capabilities while addressing issues reported by users, including language consistency and agent capabilities, further optimizing the model's performance in coding and search agents.","[""tools"",""tool_choice"",""reasoning""]",163840,210000,790000,2,,true,2026-01-07 07:07:05.199715+00,2026-01-07 07:07:05.199715+00,2026-01-07 07:07:05.199715+00,,,,
126,9,deepseek/deepseek-v3.1-terminus,deepseek-v3.1-terminus,DeepSeek: DeepSeek V3.1 Terminus,40,"DeepSeek-V3.1 Terminus is an update to [DeepSeek V3.1](/deepseek/deepseek-chat-v3.1) that maintains the model's original capabilities while addressing issues reported by users, including language consistency and agent capabilities, further optimizing the model's performance in coding and search agents.","[""tools"",""tool_choice"",""reasoning""]",163840,210000,790000,2,,true,2026-01-07 07:07:05.199715+00,2026-01-07 07:07:05.199715+00,2026-01-07 07:07:05.199715+00,,,,
127,9,deepseek/deepseek-chat-v3.1,deepseek-chat-v3.1,DeepSeek: DeepSeek V3.1,50,"DeepSeek-V3.1 is a large hybrid reasoning model (671B parameters, 37B active) that supports both thinking and non-thinking modes via prompt templates.","[""tools"",""tool_choice"",""reasoning""]",32768,150000,750000,1,,true,2026-01-07 07:07:05.199715+00,2026-01-07 07:07:05.199715+00,2026-01-07 07:07:05.199715+00,,,,
128,9,deepseek/deepseek-r1-0528,deepseek-r1-0528,DeepSeek: R1 0528,60,"May 28th update to the [original DeepSeek R1](/deepseek/deepseek-r1) Performance on par with [OpenAI o1](/openai/o1), but open-sourced and with fully open reasoning tokens.","[""tools"",""tool_choice"",""reasoning""]",163840,400000,1750000,2,,true,2026-01-07 07:07:05.199715+00,2026-01-07 07:07:05.199715+00,2026-01-07 07:07:05.199715+00,,,,
129,9,deepseek/deepseek-chat-v3-0324,deepseek-chat-v3-0324,DeepSeek: DeepSeek V3 0324,70,"DeepSeek V3, a 685B-parameter, mixture-of-experts model, is the latest iteration of the flagship chat model family from the DeepSeek team.

It succeeds the [DeepSeek V3](/deepseek/deepseek-chat-v3) model and performs really well on a variety of tasks.","[""tools"",""tool_choice"",""reasoning""]",163840,190000,870000,2,,true,2026-01-07 07:07:05.199715+00,2026-01-07 07:07:05.199715+00,2026-01-07 07:07:05.199715+00,,,,
130,9,deepseek/deepseek-r1-distill-qwen-32b,deepseek-r1-distill-qwen-32b,DeepSeek: R1 Distill Qwen 32B,80,"DeepSeek R1 Distill Qwen 32B is a distilled large language model based on [Qwen 2.5 32B](https://huggingface.co/Qwen/Qwen2.5-32B), using outputs from [DeepSeek R1](/deepseek/deepseek-r1).","[""reasoning""]",131072,270000,270000,1,,true,2026-01-07 07:07:05.199715+00,2026-01-07 07:07:05.199715+00,2026-01-07 07:07:05.199715+00,,,,
131,9,deepseek/deepseek-r1-distill-qwen-14b,deepseek-r1-distill-qwen-14b,DeepSeek: R1 Distill Qwen 14B,90,"DeepSeek R1 Distill Qwen 14B is a distilled large language model based on [Qwen 2.5 14B](https://huggingface.co/deepseek-ai/DeepSeek-R1-Distill-Qwen-14B), using outputs from [DeepSeek R1](/deepseek/deepseek-r1).","[""reasoning""]",32768,150000,150000,1,,true,2026-01-07 07:07:05.199715+00,2026-01-07 07:07:05.199715+00,2026-01-07 07:07:05.199715+00,,,,
132,9,deepseek/deepseek-r1-distill-llama-70b,deepseek-r1-distill-llama-70b,DeepSeek: R1 Distill Llama 70B,100,"DeepSeek R1 Distill Llama 70B is a distilled large language model based on [Llama-3.3-70B-Instruct](/meta-llama/llama-3.3-70b-instruct), using outputs from [DeepSeek R1](/deepseek/deepseek-r1).","[""tools"",""tool_choice"",""reasoning""]",131072,30000,110000,1,,true,2026-01-07 07:07:05.199715+00,2026-01-07 07:07:05.199715+00,2026-01-07 07:07:05.199715+00,,,,
133,9,deepseek/deepseek-chat,deepseek-chat,DeepSeek: DeepSeek V3,110,"DeepSeek-V3 is the latest model from the DeepSeek team, building upon the instruction following and coding abilities of the previous versions.","[""tools"",""tool_choice""]",163840,300000,1200000,2,,true,2026-01-07 07:07:05.199715+00,2026-01-07 07:07:05.199715+00,2026-01-07 07:07:05.199715+00,,,,
134,26,prime-intellect/intellect-3,intellect-3,Prime Intellect: INTELLECT-3,0,INTELLECT-3 is a 106B-parameter Mixture-of-Experts model (12B active) post-trained from GLM-4.5-Air-Base using supervised fine-tuning (SFT) followed by large-scale reinforcement learning (RL).,"[""tools"",""tool_choice"",""reasoning""]",131072,200000,1100000,2,,true,2026-01-07 07:07:05.199715+00,2026-01-07 07:07:05.199715+00,2026-01-07 07:07:05.199715+00,,,,
135,3,anthropic/claude-opus-4.5,claude-opus-4.5,Anthropic: Claude Opus 4.5,0,"Claude Opus 4.5 is Anthropic’s frontier reasoning model optimized for complex software engineering, agentic workflows, and long-horizon computer use.","[""tools"",""tool_choice"",""reasoning""]",200000,5000000,25000000,3,,true,2026-01-07 07:07:05.199715+00,2026-01-07 07:07:05.199715+00,2026-01-07 07:07:05.199715+00,,,,
136,3,anthropic/claude-sonnet-4.5,claude-sonnet-4.5,Anthropic: Claude Sonnet 4.5,10,"Claude Sonnet 4.5 is Anthropic’s most advanced Sonnet model to date, optimized for real-world agents and coding workflows.","[""tools"",""tool_choice"",""reasoning""]",1000000,3000000,15000000,3,,true,2026-01-07 07:07:05.199715+00,2026-01-07 07:07:05.199715+00,2026-01-07 07:07:05.199715+00,,,,
137,3,anthropic/claude-opus-4.1,claude-opus-4.1,Anthropic: Claude Opus 4.1,20,"Claude Opus 4.1 is an updated version of Anthropic’s flagship model, offering improved performance in coding, reasoning, and agentic tasks.","[""tools"",""tool_choice"",""reasoning""]",200000,15000000,75000000,3,,true,2026-01-07 07:07:05.199715+00,2026-01-07 07:07:05.199715+00,2026-01-07 07:07:05.199715+00,,,,
138,35,x-ai/grok-4.1-fast,grok-4.1-fast,xAI: Grok 4.1 Fast,0,Grok 4.1 Fast is xAI's best agentic tool calling model that shines in real-world use cases like customer support and deep research.,"[""tools"",""tool_choice"",""reasoning""]",2000000,200000,500000,1,,true,2026-01-07 07:07:05.199715+00,2026-01-07 07:07:05.199715+00,2026-01-07 07:07:05.199715+00,,,,
139,35,x-ai/grok-4-fast,grok-4-fast,xAI: Grok 4 Fast,10,Grok 4 Fast is xAI's latest multimodal model with SOTA cost-efficiency and a 2M token context window.,"[""tools"",""tool_choice"",""reasoning""]",2000000,200000,500000,1,,true,2026-01-07 07:07:05.199715+00,2026-01-07 07:07:05.199715+00,2026-01-07 07:07:05.199715+00,,,,
140,35,x-ai/grok-code-fast-1,grok-code-fast-1,xAI: Grok Code Fast 1,20,Grok Code Fast 1 is a speedy and economical reasoning model that excels at agentic coding.,"[""tools"",""tool_choice"",""reasoning""]",256000,200000,1500000,2,,true,2026-01-07 07:07:05.199715+00,2026-01-07 07:07:05.199715+00,2026-01-07 07:07:05.199715+00,,,,
141,35,x-ai/grok-4,grok-4,xAI: Grok 4,30,Grok 4 is xAI's latest reasoning model with a 256k context window.,"[""tools"",""tool_choice"",""reasoning""]",256000,3000000,15000000,3,,true,2026-01-07 07:07:05.199715+00,2026-01-07 07:07:05.199715+00,2026-01-07 07:07:05.199715+00,,,,
142,35,x-ai/grok-3-mini,grok-3-mini,xAI: Grok 3 Mini,40,A lightweight model that thinks before responding.,"[""tools"",""tool_choice"",""reasoning""]",131072,300000,500000,1,,true,2026-01-07 07:07:05.199715+00,2026-01-07 07:07:05.199715+00,2026-01-07 07:07:05.199715+00,,,,
143,35,x-ai/grok-3,grok-3,xAI: Grok 3,50,Grok 3 is the latest model from xAI.,"[""tools"",""tool_choice""]",131072,3000000,15000000,3,,true,2026-01-07 07:07:05.199715+00,2026-01-07 07:07:05.199715+00,2026-01-07 07:07:05.199715+00,,,,
144,8,deepcogito/cogito-v2.1-671b,cogito-v2.1-671b,Deep Cogito: Cogito v2.1 671B,0,"Cogito v2.1 671B MoE represents one of the strongest open models globally, matching performance of frontier closed and open models.","[""reasoning""]",128000,1250000,1250000,2,,true,2026-01-07 07:07:05.199715+00,2026-01-07 07:07:05.199715+00,2026-01-07 07:07:05.199715+00,,,,
145,8,deepcogito/cogito-v2-preview-llama-405b,cogito-v2-preview-llama-405b,Deep Cogito: Cogito V2 Preview Llama 405B,10,Cogito v2 405B is a dense hybrid reasoning model that combines direct answering capabilities with advanced self-reflection.,"[""tools"",""tool_choice"",""reasoning""]",32768,3500000,3500000,2,,true,2026-01-07 07:07:05.199715+00,2026-01-07 07:07:05.199715+00,2026-01-07 07:07:05.199715+00,,,,
146,8,deepcogito/cogito-v2-preview-llama-70b,cogito-v2-preview-llama-70b,Deep Cogito: Cogito V2 Preview Llama 70B,20,Cogito v2 70B is a dense hybrid reasoning model that combines direct answering capabilities with advanced self-reflection.,"[""tools"",""tool_choice"",""reasoning""]",32768,880000,880000,2,,true,2026-01-07 07:07:05.199715+00,2026-01-07 07:07:05.199715+00,2026-01-07 07:07:05.199715+00,,,,
147,14,kwaipilot/kat-coder-pro:free,kat-coder-pro:free,Kwaipilot: KAT-Coder-Pro V1 (free),0,KAT-Coder-Pro V1 is KwaiKAT's most advanced agentic coding model in the KAT-Coder series.,"[""tools"",""tool_choice""]",256000,0,0,0,,true,2026-01-07 07:07:05.199715+00,2026-01-07 07:07:05.199715+00,2026-01-07 07:07:05.199715+00,,,,
148,14,kwaipilot/kat-coder-pro,kat-coder-pro,Kwaipilot: KAT-Coder-Pro V1,10,KAT-Coder-Pro V1 is KwaiKAT's most advanced agentic coding model in the KAT-Coder series.,"[""tools"",""tool_choice""]",256000,207000,828000,2,,true,2026-01-07 07:07:05.199715+00,2026-01-07 07:07:05.199715+00,2026-01-07 07:07:05.199715+00,,,,
149,19,moonshotai/kimi-k2-thinking,kimi-k2-thinking,MoonshotAI: Kimi K2 Thinking,0,"Kimi K2 Thinking is Moonshot AI’s most advanced open reasoning model to date, extending the K2 series into agentic, long-horizon reasoning.","[""tools"",""tool_choice"",""reasoning""]",262144,320000,480000,1,,true,2026-01-07 07:07:05.199715+00,2026-01-07 07:07:05.199715+00,2026-01-07 07:07:05.199715+00,,,,
150,19,moonshotai/kimi-k2-0905,kimi-k2-0905,MoonshotAI: Kimi K2 0905,10,Kimi K2 0905 is the September update of [Kimi K2 0711](moonshotai/kimi-k2).,"[""tools"",""tool_choice""]",262144,390000,1900000,2,,true,2026-01-07 07:07:05.199715+00,2026-01-07 07:07:05.199715+00,2026-01-07 07:07:05.199715+00,,,,
151,19,moonshotai/kimi-k2-0905:exacto,kimi-k2-0905:exacto,MoonshotAI: Kimi K2 0905 (exacto),20,Kimi K2 0905 is the September update of [Kimi K2 0711](moonshotai/kimi-k2).,"[""tools"",""tool_choice""]",262144,600000,2500000,2,,true,2026-01-07 07:07:05.199715+00,2026-01-07 07:07:05.199715+00,2026-01-07 07:07:05.199715+00,,,,
152,19,moonshotai/kimi-k2,kimi-k2,MoonshotAI: Kimi K2 0711,30,"Kimi K2 Instruct is a large-scale Mixture-of-Experts (MoE) language model developed by Moonshot AI, featuring 1 trillion total parameters with 32 billion active per forward pass.","[""tools"",""tool_choice""]",131072,500000,2400000,2,,true,2026-01-07 07:07:05.199715+00,2026-01-07 07:07:05.199715+00,2026-01-07 07:07:05.199715+00,,,,
153,19,moonshotai/kimi-dev-72b,kimi-dev-72b,MoonshotAI: Kimi Dev 72B,40,Kimi-Dev-72B is an open-source large language model fine-tuned for software engineering and issue resolution tasks.,"[""reasoning""]",131072,290000,1150000,2,,true,2026-01-07 07:07:05.199715+00,2026-01-07 07:07:05.199715+00,2026-01-07 07:07:05.199715+00,,,,
154,27,qwen/qwen3-vl-32b-instruct,qwen3-vl-32b-instruct,Qwen: Qwen3 VL 32B Instruct,0,"Qwen3-VL-32B-Instruct is a large-scale multimodal vision-language model designed for high-precision understanding and reasoning across text, images, and video.",[],262144,500000,1500000,2,,true,2026-01-07 07:07:05.199715+00,2026-01-07 07:07:05.199715+00,2026-01-07 07:07:05.199715+00,,,,
155,27,qwen/qwen3-vl-8b-thinking,qwen3-vl-8b-thinking,Qwen: Qwen3 VL 8B Thinking,10,"Qwen3-VL-8B-Thinking is the reasoning-optimized variant of the Qwen3-VL-8B multimodal model, designed for advanced visual and textual reasoning across complex scenes, documents, and temporal sequences.","[""tools"",""tool_choice"",""reasoning""]",256000,180000,2100000,2,,true,2026-01-07 07:07:05.199715+00,2026-01-07 07:07:05.199715+00,2026-01-07 07:07:05.199715+00,,,,
156,27,qwen/qwen3-vl-8b-instruct,qwen3-vl-8b-instruct,Qwen: Qwen3 VL 8B Instruct,20,"Qwen3-VL-8B-Instruct is a multimodal vision-language model from the Qwen3-VL series, built for high-fidelity understanding and reasoning across text, images, and video.","[""tools"",""tool_choice""]",131072,80000,500000,1,,true,2026-01-07 07:07:05.199715+00,2026-01-07 07:07:05.199715+00,2026-01-07 07:07:05.199715+00,,,,
157,27,qwen/qwen3-vl-30b-a3b-thinking,qwen3-vl-30b-a3b-thinking,Qwen: Qwen3 VL 30B A3B Thinking,30,Qwen3-VL-30B-A3B-Thinking is a multimodal model that unifies strong text generation with visual understanding for images and videos.,"[""tools"",""tool_choice"",""reasoning""]",131072,200000,1000000,2,,true,2026-01-07 07:07:05.199715+00,2026-01-07 07:07:05.199715+00,2026-01-07 07:07:05.199715+00,,,,
158,27,qwen/qwen3-vl-30b-a3b-instruct,qwen3-vl-30b-a3b-instruct,Qwen: Qwen3 VL 30B A3B Instruct,40,Qwen3-VL-30B-A3B-Instruct is a multimodal model that unifies strong text generation with visual understanding for images and videos.,"[""tools"",""tool_choice""]",262144,150000,600000,1,,true,2026-01-07 07:07:05.199715+00,2026-01-07 07:07:05.199715+00,2026-01-07 07:07:05.199715+00,,,,
159,27,qwen/qwen3-vl-235b-a22b-thinking,qwen3-vl-235b-a22b-thinking,Qwen: Qwen3 VL 235B A22B Thinking,50,Qwen3-VL-235B-A22B Thinking is a multimodal model that unifies strong text generation with visual understanding across images and video.,"[""tools"",""tool_choice"",""reasoning""]",262144,450000,3500000,2,,true,2026-01-07 07:07:05.199715+00,2026-01-07 07:07:05.199715+00,2026-01-07 07:07:05.199715+00,,,,
160,27,qwen/qwen3-vl-235b-a22b-instruct,qwen3-vl-235b-a22b-instruct,Qwen: Qwen3 VL 235B A22B Instruct,60,Qwen3-VL-235B-A22B Instruct is an open-weight multimodal model that unifies strong text generation with visual understanding across images and video.,"[""tools"",""tool_choice""]",262144,120000,560000,1,,true,2026-01-07 07:07:05.199715+00,2026-01-07 07:07:05.199715+00,2026-01-07 07:07:05.199715+00,,,,
161,27,qwen/qwen3-coder-plus,qwen3-coder-plus,Qwen: Qwen3 Coder Plus,70,Qwen3 Coder Plus is Alibaba's proprietary version of the Open Source Qwen3 Coder 480B A35B.,"[""tools"",""tool_choice""]",128000,1000000,5000000,2,,true,2026-01-07 07:07:05.199715+00,2026-01-07 07:07:05.199715+00,2026-01-07 07:07:05.199715+00,,,,
162,27,qwen/qwen3-next-80b-a3b-thinking,qwen3-next-80b-a3b-thinking,Qwen: Qwen3 Next 80B A3B Thinking,80,Qwen3-Next-80B-A3B-Thinking is a reasoning-first chat model in the Qwen3-Next line that outputs structured “thinking” traces by default.,"[""tools"",""tool_choice"",""reasoning""]",262144,150000,1200000,2,,true,2026-01-07 07:07:05.199715+00,2026-01-07 07:07:05.199715+00,2026-01-07 07:07:05.199715+00,,,,
163,27,qwen/qwen3-next-80b-a3b-instruct,qwen3-next-80b-a3b-instruct,Qwen: Qwen3 Next 80B A3B Instruct,90,"Qwen3-Next-80B-A3B-Instruct is an instruction-tuned chat model in the Qwen3-Next series optimized for fast, stable responses without “thinking” traces.","[""tools"",""tool_choice""]",262144,60000,600000,1,,true,2026-01-07 07:07:05.199715+00,2026-01-07 07:07:05.199715+00,2026-01-07 07:07:05.199715+00,,,,
164,27,qwen/qwen-plus-2025-07-28,qwen-plus-2025-07-28,Qwen: Qwen Plus 0728,100,"Qwen Plus 0728, based on the Qwen3 foundation model, is a 1 million context hybrid reasoning model with a balanced performance, speed, and cost combination.","[""tools"",""tool_choice""]",1000000,400000,1200000,2,,true,2026-01-07 07:07:05.199715+00,2026-01-07 07:07:05.199715+00,2026-01-07 07:07:05.199715+00,,,,
165,27,qwen/qwen-plus-2025-07-28:thinking,qwen-plus-2025-07-28:thinking,Qwen: Qwen Plus 0728 (thinking),110,"Qwen Plus 0728, based on the Qwen3 foundation model, is a 1 million context hybrid reasoning model with a balanced performance, speed, and cost combination.","[""tools"",""tool_choice"",""reasoning""]",1000000,400000,4000000,2,,true,2026-01-07 07:07:05.199715+00,2026-01-07 07:07:05.199715+00,2026-01-07 07:07:05.199715+00,,,,
166,27,qwen/qwen3-30b-a3b-thinking-2507,qwen3-30b-a3b-thinking-2507,Qwen: Qwen3 30B A3B Thinking 2507,120,Qwen3-30B-A3B-Thinking-2507 is a 30B parameter Mixture-of-Experts reasoning model optimized for complex tasks requiring extended multi-step thinking.,"[""tools"",""tool_choice"",""reasoning""]",32768,51000,340000,1,,true,2026-01-07 07:07:05.199715+00,2026-01-07 07:07:05.199715+00,2026-01-07 07:07:05.199715+00,,,,
167,27,qwen/qwen3-coder-30b-a3b-instruct,qwen3-coder-30b-a3b-instruct,Qwen: Qwen3 Coder 30B A3B Instruct,130,"Qwen3-Coder-30B-A3B-Instruct is a 30.5B parameter Mixture-of-Experts (MoE) model with 128 experts (8 active per forward pass), designed for advanced code generation, repository-scale understanding, and agentic tool use.","[""tools"",""tool_choice""]",160000,70000,270000,1,,true,2026-01-07 07:07:05.199715+00,2026-01-07 07:07:05.199715+00,2026-01-07 07:07:05.199715+00,,,,
168,27,qwen/qwen3-30b-a3b-instruct-2507,qwen3-30b-a3b-instruct-2507,Qwen: Qwen3 30B A3B Instruct 2507,140,"Qwen3-30B-A3B-Instruct-2507 is a 30.5B-parameter mixture-of-experts language model from Qwen, with 3.3B active parameters per inference.","[""tools"",""tool_choice""]",262144,80000,330000,1,,true,2026-01-07 07:07:05.199715+00,2026-01-07 07:07:05.199715+00,2026-01-07 07:07:05.199715+00,,,,
169,27,qwen/qwen3-235b-a22b-thinking-2507,qwen3-235b-a22b-thinking-2507,Qwen: Qwen3 235B A22B Thinking 2507,150,"Qwen3-235B-A22B-Thinking-2507 is a high-performance, open-weight Mixture-of-Experts (MoE) language model optimized for complex reasoning tasks.","[""tools"",""tool_choice"",""reasoning""]",262144,110000,600000,1,,true,2026-01-07 07:07:05.199715+00,2026-01-07 07:07:05.199715+00,2026-01-07 07:07:05.199715+00,,,,
170,27,qwen/qwen3-coder,qwen3-coder,Qwen: Qwen3 Coder 480B A35B,160,Qwen3-Coder-480B-A35B-Instruct is a Mixture-of-Experts (MoE) code generation model developed by the Qwen team.,"[""tools"",""tool_choice"",""reasoning""]",262144,220000,950000,2,,true,2026-01-07 07:07:05.199715+00,2026-01-07 07:07:05.199715+00,2026-01-07 07:07:05.199715+00,,,,
171,27,qwen/qwen3-coder:exacto,qwen3-coder:exacto,Qwen: Qwen3 Coder 480B A35B (exacto),170,Qwen3-Coder-480B-A35B-Instruct is a Mixture-of-Experts (MoE) code generation model developed by the Qwen team.,"[""tools"",""tool_choice"",""reasoning""]",262144,220000,1800000,2,,true,2026-01-07 07:07:05.199715+00,2026-01-07 07:07:05.199715+00,2026-01-07 07:07:05.199715+00,,,,
172,27,qwen/qwen3-235b-a22b-2507,qwen3-235b-a22b-2507,Qwen: Qwen3 235B A22B Instruct 2507,180,"Qwen3-235B-A22B-Instruct-2507 is a multilingual, instruction-tuned mixture-of-experts language model based on the Qwen3-235B architecture, with 22B active parameters per forward pass.","[""tools"",""tool_choice"",""reasoning""]",262144,71000,463000,1,,true,2026-01-07 07:07:05.199715+00,2026-01-07 07:07:05.199715+00,2026-01-07 07:07:05.199715+00,,,,
173,27,qwen/qwen3-4b:free,qwen3-4b:free,Qwen: Qwen3 4B (free),190,"Qwen3-4B is a 4 billion parameter dense language model from the Qwen3 series, designed to support both general-purpose and reasoning-intensive tasks.","[""tools"",""tool_choice"",""reasoning""]",40960,0,0,0,,true,2026-01-07 07:07:05.199715+00,2026-01-07 07:07:05.199715+00,2026-01-07 07:07:05.199715+00,,,,
174,27,qwen/qwen3-30b-a3b,qwen3-30b-a3b,Qwen: Qwen3 30B A3B,200,"Qwen3, the latest generation in the Qwen large language model series, features both dense and mixture-of-experts (MoE) architectures to excel in reasoning, multilingual support, and advanced agent tasks.","[""tools"",""tool_choice"",""reasoning""]",40960,60000,220000,1,,true,2026-01-07 07:07:05.199715+00,2026-01-07 07:07:05.199715+00,2026-01-07 07:07:05.199715+00,,,,
175,27,qwen/qwen3-8b,qwen3-8b,Qwen: Qwen3 8B,210,"Qwen3-8B is a dense 8.2B parameter causal language model from the Qwen3 series, designed for both reasoning-heavy tasks and efficient dialogue.","[""tools"",""tool_choice"",""reasoning""]",128000,35000,138000,1,,true,2026-01-07 07:07:05.199715+00,2026-01-07 07:07:05.199715+00,2026-01-07 07:07:05.199715+00,,,,
176,27,qwen/qwen3-14b,qwen3-14b,Qwen: Qwen3 14B,220,"Qwen3-14B is a dense 14.8B parameter causal language model from the Qwen3 series, designed for both complex reasoning and efficient dialogue.","[""tools"",""tool_choice"",""reasoning""]",40960,50000,220000,1,,true,2026-01-07 07:07:05.199715+00,2026-01-07 07:07:05.199715+00,2026-01-07 07:07:05.199715+00,,,,
177,27,qwen/qwen3-32b,qwen3-32b,Qwen: Qwen3 32B,230,"Qwen3-32B is a dense 32.8B parameter causal language model from the Qwen3 series, optimized for both complex reasoning and efficient dialogue.","[""tools"",""tool_choice"",""reasoning""]",40960,80000,240000,1,,true,2026-01-07 07:07:05.199715+00,2026-01-07 07:07:05.199715+00,2026-01-07 07:07:05.199715+00,,,,
178,27,qwen/qwen3-235b-a22b,qwen3-235b-a22b,Qwen: Qwen3 235B A22B,240,"Qwen3-235B-A22B is a 235B parameter mixture-of-experts (MoE) model developed by Qwen, activating 22B parameters per forward pass.","[""tools"",""tool_choice"",""reasoning""]",40960,180000,540000,1,,true,2026-01-07 07:07:05.199715+00,2026-01-07 07:07:05.199715+00,2026-01-07 07:07:05.199715+00,,,,
179,27,qwen/qwen2.5-coder-7b-instruct,qwen2.5-coder-7b-instruct,Qwen: Qwen2.5 Coder 7B Instruct,250,"Qwen2.5-Coder-7B-Instruct is a 7B parameter instruction-tuned language model optimized for code-related tasks such as code generation, reasoning, and bug fixing.",[],32768,30000,90000,1,,true,2026-01-07 07:07:05.199715+00,2026-01-07 07:07:05.199715+00,2026-01-07 07:07:05.199715+00,,,,
180,27,qwen/qwen2.5-vl-32b-instruct,qwen2.5-vl-32b-instruct,Qwen: Qwen2.5 VL 32B Instruct,260,"Qwen2.5-VL-32B is a multimodal vision-language model fine-tuned through reinforcement learning for enhanced mathematical reasoning, structured outputs, and visual problem-solving capabilities.",[],16384,50000,220000,1,,true,2026-01-07 07:07:05.199715+00,2026-01-07 07:07:05.199715+00,2026-01-07 07:07:05.199715+00,,,,
181,27,qwen/qwq-32b,qwq-32b,Qwen: QwQ 32B,270,QwQ is the reasoning model of the Qwen series.,"[""tools"",""tool_choice"",""reasoning""]",32768,150000,400000,1,,true,2026-01-07 07:07:05.199715+00,2026-01-07 07:07:05.199715+00,2026-01-07 07:07:05.199715+00,,,,
182,27,qwen/qwen2.5-vl-72b-instruct,qwen2.5-vl-72b-instruct,Qwen: Qwen2.5 VL 72B Instruct,280,"Qwen2.5-VL is proficient in recognizing common objects such as flowers, birds, fish, and insects.",[],32768,150000,600000,1,,true,2026-01-07 07:07:05.199715+00,2026-01-07 07:07:05.199715+00,2026-01-07 07:07:05.199715+00,,,,
183,27,qwen/qwen-2.5-coder-32b-instruct,qwen-2.5-coder-32b-instruct,Qwen2.5 Coder 32B Instruct,290,Qwen2.5-Coder is the latest series of Code-Specific Qwen large language models (formerly known as CodeQwen).,[],32768,30000,110000,1,,true,2026-01-07 07:07:05.199715+00,2026-01-07 07:07:05.199715+00,2026-01-07 07:07:05.199715+00,,,,
184,27,qwen/qwen-2.5-72b-instruct,qwen-2.5-72b-instruct,Qwen2.5 72B Instruct,300,Qwen2.5 72B is the latest series of Qwen large language models.,"[""tools"",""tool_choice""]",32768,120000,390000,1,,true,2026-01-07 07:07:05.199715+00,2026-01-07 07:07:05.199715+00,2026-01-07 07:07:05.199715+00,,,,
185,31,thedrummer/cydonia-24b-v4.1,cydonia-24b-v4.1,TheDrummer: Cydonia 24B V4.1,0,"Uncensored and creative writing model based on Mistral Small 3.2 24B with good recall, prompt adherence, and intelligence.",[],131072,300000,500000,1,,true,2026-01-07 07:07:05.199715+00,2026-01-07 07:07:05.199715+00,2026-01-07 07:07:05.199715+00,,,,
186,31,thedrummer/unslopnemo-12b,unslopnemo-12b,TheDrummer: UnslopNemo 12B,10,"UnslopNemo v4.1 is the latest addition from the creator of Rocinante, designed for adventure writing and role-play scenarios.","[""tools"",""tool_choice""]",32768,400000,400000,1,,true,2026-01-07 07:07:05.199715+00,2026-01-07 07:07:05.199715+00,2026-01-07 07:07:05.199715+00,,,,
187,31,thedrummer/rocinante-12b,rocinante-12b,TheDrummer: Rocinante 12B,20,"Rocinante 12B is designed for engaging storytelling and rich prose.

Early testers have reported:
- Expanded vocabulary with unique and expressive word choices
- Enhanced creativity for vivid narratives
- Adventure-filled and captivating stories","[""tools"",""tool_choice""]",32768,170000,430000,1,,true,2026-01-07 07:07:05.199715+00,2026-01-07 07:07:05.199715+00,2026-01-07 07:07:05.199715+00,,,,
188,1,alibaba/tongyi-deepresearch-30b-a3b,tongyi-deepresearch-30b-a3b,Tongyi DeepResearch 30B A3B,0,"Tongyi DeepResearch is an agentic large language model developed by Tongyi Lab, with 30 billion total parameters activating only 3 billion per token.","[""tools"",""tool_choice"",""reasoning""]",131072,90000,400000,1,,true,2026-01-07 07:07:05.199715+00,2026-01-07 07:07:05.199715+00,2026-01-07 07:07:05.199715+00,,,,
189,25,opengvlab/internvl3-78b,internvl3-78b,OpenGVLab: InternVL3 78B,0,The InternVL3 series is an advanced multimodal large language model (MLLM).,[],32768,100000,390000,1,,true,2026-01-07 07:07:05.199715+00,2026-01-07 07:07:05.199715+00,2026-01-07 07:07:05.199715+00,,,,
190,29,stepfun-ai/step3,step3,StepFun: Step3,0,Step3 is a cutting-edge multimodal reasoning model—built on a Mixture-of-Experts architecture with 321B total parameters and 38B active.,"[""tools"",""tool_choice"",""reasoning""]",65536,570000,1420000,2,,true,2026-01-07 07:07:05.199715+00,2026-01-07 07:07:05.199715+00,2026-01-07 07:07:05.199715+00,,,,
191,22,nousresearch/hermes-4-70b,hermes-4-70b,Nous: Hermes 4 70B,0,"Hermes 4 70B is a hybrid reasoning model from Nous Research, built on Meta-Llama-3.1-70B.","[""tools"",""tool_choice"",""reasoning""]",131072,110000,380000,1,,true,2026-01-07 07:07:05.199715+00,2026-01-07 07:07:05.199715+00,2026-01-07 07:07:05.199715+00,,,,
192,22,nousresearch/deephermes-3-mistral-24b-preview,deephermes-3-mistral-24b-preview,Nous: DeepHermes 3 Mistral 24B Preview,10,"DeepHermes 3 (Mistral 24B Preview) is an instruction-tuned language model by Nous Research based on Mistral-Small-24B, designed for chat, function calling, and advanced multi-turn reasoning.","[""tools"",""tool_choice"",""reasoning""]",32768,20000,100000,1,,true,2026-01-07 07:07:05.199715+00,2026-01-07 07:07:05.199715+00,2026-01-07 07:07:05.199715+00,,,,
193,22,nousresearch/hermes-3-llama-3.1-70b,hermes-3-llama-3.1-70b,Nous: Hermes 3 70B Instruct,20,"Hermes 3 is a generalist language model with many improvements over [Hermes 2](/models/nousresearch/nous-hermes-2-mistral-7b-dpo), including advanced agentic capabilities, much better roleplaying, reasoning, multi-turn conversation, long context coherence, and improvements across the board.

Hermes 3 70B is a competitive, if not superior finetune of the [Llama-3.1 70B foundation model](/models/meta-llama/llama-3.1-70b-instruct), focused on aligning LLMs to the user, with powerful steering cap...",[],65536,300000,300000,1,,true,2026-01-07 07:07:05.199715+00,2026-01-07 07:07:05.199715+00,2026-01-07 07:07:05.199715+00,,,,
194,22,nousresearch/hermes-2-pro-llama-3-8b,hermes-2-pro-llama-3-8b,NousResearch: Hermes 2 Pro - Llama-3 8B,30,"Hermes 2 Pro is an upgraded, retrained version of Nous Hermes 2, consisting of an updated and cleaned version of the OpenHermes 2.5 Dataset, as well as a newly introduced Function Calling and JSON Mode dataset developed in-house.",[],8192,25000,80000,1,,true,2026-01-07 07:07:05.199715+00,2026-01-07 07:07:05.199715+00,2026-01-07 07:07:05.199715+00,,,,
195,34,cognitivecomputations/dolphin-mistral-24b-venice-edition:free,dolphin-mistral-24b-venice-edition:free,Venice: Uncensored (free),0,"Venice Uncensored Dolphin Mistral 24B Venice Edition is a fine-tuned variant of Mistral-Small-24B-Instruct-2501, developed by dphn.ai in collaboration with Venice.ai.",[],32768,0,0,0,,true,2026-01-07 07:07:05.199715+00,2026-01-07 07:07:05.199715+00,2026-01-07 07:07:05.199715+00,,,,
196,30,tencent/hunyuan-a13b-instruct,hunyuan-a13b-instruct,Tencent: Hunyuan A13B Instruct,0,"Hunyuan-A13B is a 13B active parameter Mixture-of-Experts (MoE) language model developed by Tencent, with a total parameter count of 80B and support for reasoning via Chain-of-Thought.","[""reasoning""]",131072,140000,570000,1,,true,2026-01-07 07:07:05.199715+00,2026-01-07 07:07:05.199715+00,2026-01-07 07:07:05.199715+00,,,,
197,32,tngtech/deepseek-r1t2-chimera,deepseek-r1t2-chimera,TNG: DeepSeek R1T2 Chimera,0,DeepSeek-TNG-R1T2-Chimera is the second-generation Chimera model from TNG Tech.,"[""tools"",""tool_choice"",""reasoning""]",163840,250000,850000,2,,true,2026-01-07 07:07:05.199715+00,2026-01-07 07:07:05.199715+00,2026-01-07 07:07:05.199715+00,,,,
198,32,tngtech/deepseek-r1t-chimera,deepseek-r1t-chimera,TNG: DeepSeek R1T Chimera,10,"DeepSeek-R1T-Chimera is created by merging DeepSeek-R1 and DeepSeek-V3 (0324), combining the reasoning capabilities of R1 with the token efficiency improvements of V3.","[""reasoning""]",163840,300000,1200000,2,,true,2026-01-07 07:07:05.199715+00,2026-01-07 07:07:05.199715+00,2026-01-07 07:07:05.199715+00,,,,
199,5,baidu/ernie-4.5-300b-a47b,ernie-4.5-300b-a47b,"Baidu: ERNIE 4.5 300B A47B ",0,ERNIE-4.5-300B-A47B is a 300B parameter Mixture-of-Experts (MoE) language model developed by Baidu as part of the ERNIE 4.5 series.,[],123000,280000,1100000,2,,true,2026-01-07 07:07:05.199715+00,2026-01-07 07:07:05.199715+00,2026-01-07 07:07:05.199715+00,,,,
200,13,inception/mercury,mercury,Inception: Mercury,0,Mercury is the first diffusion large language model (dLLM).,"[""tools"",""tool_choice""]",128000,250000,1000000,2,,true,2026-01-07 07:07:05.199715+00,2026-01-07 07:07:05.199715+00,2026-01-07 07:07:05.199715+00,,,,
201,13,inception/mercury-coder,mercury-coder,Inception: Mercury Coder,10,Mercury Coder is the first diffusion large language model (dLLM).,"[""tools"",""tool_choice""]",128000,250000,1000000,2,,true,2026-01-07 07:07:05.199715+00,2026-01-07 07:07:05.199715+00,2026-01-07 07:07:05.199715+00,,,,
202,15,meta-llama/llama-4-maverick,llama-4-maverick,Meta: Llama 4 Maverick,0,"Llama 4 Maverick 17B Instruct (128E) is a high-capacity multimodal language model from Meta, built on a mixture-of-experts (MoE) architecture with 128 experts and 17 billion active parameters per forward pass (400B total).","[""tools"",""tool_choice""]",1048576,150000,600000,1,,true,2026-01-07 07:07:05.199715+00,2026-01-07 07:07:05.199715+00,2026-01-07 07:07:05.199715+00,,,,
203,15,meta-llama/llama-4-scout,llama-4-scout,Meta: Llama 4 Scout,10,"Llama 4 Scout 17B Instruct (16E) is a mixture-of-experts (MoE) language model developed by Meta, activating 17 billion parameters out of a total of 109B.","[""tools"",""tool_choice""]",327680,80000,300000,1,,true,2026-01-07 07:07:05.199715+00,2026-01-07 07:07:05.199715+00,2026-01-07 07:07:05.199715+00,,,,
204,15,meta-llama/llama-3.3-70b-instruct,llama-3.3-70b-instruct,Meta: Llama 3.3 70B Instruct,20,The Meta Llama 3.3 multilingual large language model (LLM) is a pretrained and instruction tuned generative model in 70B (text in/text out).,"[""tools"",""tool_choice""]",131072,100000,320000,1,,true,2026-01-07 07:07:05.199715+00,2026-01-07 07:07:05.199715+00,2026-01-07 07:07:05.199715+00,,,,
205,15,meta-llama/llama-3.1-8b-instruct,llama-3.1-8b-instruct,Meta: Llama 3.1 8B Instruct,30,Meta's latest class of model (Llama 3.1) launched with a variety of sizes & flavors.,"[""tools"",""tool_choice""]",131072,20000,30000,1,,true,2026-01-07 07:07:05.199715+00,2026-01-07 07:07:05.199715+00,2026-01-07 07:07:05.199715+00,,,,
206,15,meta-llama/llama-3.1-405b-instruct,llama-3.1-405b-instruct,Meta: Llama 3.1 405B Instruct,40,"The highly anticipated 400B class of Llama3 is here! Clocking in at 128k context with impressive eval scores, the Meta AI team continues to push the frontier of open-source LLMs.

Meta's latest class of model (Llama 3.1) launched with a variety of sizes & flavors.","[""tools"",""tool_choice""]",10000,3500000,3500000,2,,true,2026-01-07 07:07:05.199715+00,2026-01-07 07:07:05.199715+00,2026-01-07 07:07:05.199715+00,,,,
207,15,meta-llama/llama-3-70b-instruct,llama-3-70b-instruct,Meta: Llama 3 70B Instruct,50,Meta's latest class of model (Llama 3) launched with a variety of sizes & flavors.,"[""tools"",""tool_choice""]",8192,300000,400000,1,,true,2026-01-07 07:07:05.199715+00,2026-01-07 07:07:05.199715+00,2026-01-07 07:07:05.199715+00,,,,
208,7,cohere/command-a,command-a,Cohere: Command A,0,"Command A is an open-weights 111B parameter model with a 256k context window focused on delivering great performance across agentic, multilingual, and coding use cases.
Compared to other leading proprietary and open-weights models Command A delivers maximum performance with minimum hardware costs, excelling on business-critical agentic and multilingual tasks.",[],256000,2500000,10000000,3,,true,2026-01-07 07:07:05.199715+00,2026-01-07 07:07:05.199715+00,2026-01-07 07:07:05.199715+00,,,,
209,7,cohere/command-r7b-12-2024,command-r7b-12-2024,Cohere: Command R7B (12-2024),10,"Command R7B (12-2024) is a small, fast update of the Command R+ model, delivered in December 2024.",[],128000,37500,150000,1,,true,2026-01-07 07:07:05.199715+00,2026-01-07 07:07:05.199715+00,2026-01-07 07:07:05.199715+00,,,,
210,7,cohere/command-r-08-2024,command-r-08-2024,Cohere: Command R (08-2024),20,command-r-08-2024 is an update of the [Command R](/models/cohere/command-r) with improved performance for multilingual retrieval-augmented generation (RAG) and tool use.,"[""tools"",""tool_choice""]",128000,150000,600000,1,,true,2026-01-07 07:07:05.199715+00,2026-01-07 07:07:05.199715+00,2026-01-07 07:07:05.199715+00,,,,
211,7,cohere/command-r-plus-08-2024,command-r-plus-08-2024,Cohere: Command R+ (08-2024),30,"command-r-plus-08-2024 is an update of the [Command R+](/models/cohere/command-r-plus) with roughly 50% higher throughput and 25% lower latencies as compared to the previous Command R+ version, while keeping the hardware footprint the same.

Read the launch post [here](https://docs.cohere.com/changelog/command-gets-refreshed).

Use of this model is subject to Cohere's [Usage Policy](https://docs.cohere.com/docs/usage-policy) and [SaaS Agreement](https://cohere.com/saas-agreement).","[""tools"",""tool_choice""]",128000,2500000,10000000,3,,true,2026-01-07 07:07:05.199715+00,2026-01-07 07:07:05.199715+00,2026-01-07 07:07:05.199715+00,,,,
212,16,microsoft/phi-4,phi-4,Microsoft: Phi 4,0,[Microsoft Research](/microsoft) Phi-4 is designed to perform well in complex reasoning tasks and can operate efficiently in situations with limited memory or where quick responses are needed.,[],16384,60000,140000,1,,true,2026-01-07 07:07:05.199715+00,2026-01-07 07:07:05.199715+00,2026-01-07 07:07:05.199715+00,,,,
213,28,sao10k/l3.3-euryale-70b,l3.3-euryale-70b,Sao10K: Llama 3.3 Euryale 70B,0,Euryale L3.3 70B is a model focused on creative roleplay from [Sao10k](https://ko-fi.com/sao10k).,[],131072,650000,750000,2,,true,2026-01-07 07:07:05.199715+00,2026-01-07 07:07:05.199715+00,2026-01-07 07:07:05.199715+00,,,,
214,28,sao10k/l3.1-euryale-70b,l3.1-euryale-70b,Sao10K: Llama 3.1 Euryale 70B v2.2,10,Euryale L3.1 70B v2.2 is a model focused on creative roleplay from [Sao10k](https://ko-fi.com/sao10k).,"[""tools"",""tool_choice""]",32768,650000,750000,2,,true,2026-01-07 07:07:05.199715+00,2026-01-07 07:07:05.199715+00,2026-01-07 07:07:05.199715+00,,,,
215,28,sao10k/l3-lunaris-8b,l3-lunaris-8b,Sao10K: Llama 3 8B Lunaris,20,Lunaris 8B is a versatile generalist and roleplaying model based on Llama 3.,[],8192,40000,50000,1,,true,2026-01-07 07:07:05.199715+00,2026-01-07 07:07:05.199715+00,2026-01-07 07:07:05.199715+00,,,,
216,20,neversleep/llama-3.1-lumimaid-8b,llama-3.1-lumimaid-8b,NeverSleep: Lumimaid v0.2 8B,0,"Lumimaid v0.2 8B is a finetune of [Llama 3.1 8B](/models/meta-llama/llama-3.1-8b-instruct) with a ""HUGE step up dataset wise"" compared to Lumimaid v0.1.",[],32768,90000,600000,1,,true,2026-01-07 07:07:05.199715+00,2026-01-07 07:07:05.199715+00,2026-01-07 07:07:05.199715+00,,,,
217,20,neversleep/noromaid-20b,noromaid-20b,Noromaid 20B,10,A collab between IkariDev and Undi.,[],4096,1000000,1750000,2,,true,2026-01-07 07:07:05.199715+00,2026-01-07 07:07:05.199715+00,2026-01-07 07:07:05.199715+00,,,,
218,33,undi95/remm-slerp-l2-13b,remm-slerp-l2-13b,ReMM SLERP 13B,0,A recreation trial of the original MythoMax-L2-B13 but with updated models.,[],6144,450000,650000,2,,true,2026-01-07 07:07:05.199715+00,2026-01-07 07:07:05.199715+00,2026-01-07 07:07:05.199715+00,,,,
219,12,gryphe/mythomax-l2-13b,mythomax-l2-13b,MythoMax 13B,0,"One of the highest performing and most popular fine-tunes of Llama 2 13B, with rich descriptions and roleplay.",[],4096,60000,60000,1,,true,2026-01-07 07:07:05.199715+00,2026-01-07 07:07:05.199715+00,2026-01-07 07:07:05.199715+00,,,,